{"cameraMode":{"drawMode":0,"name":"Shaded","section":"Shading Mode"},"sceneLighting":true,"audioPlay":false,"sceneViewState":{"showFog":true,"showMaterialUpdate":false,"showSkybox":true,"showFlares":true,"showImageEffects":true,"showParticleSystems":true},"in2DMode":false,"pivot":{"x":-9.039376258850098,"y":13.163780212402344,"z":-17.872507095336915},"rotation":{"x":0.4751173257827759,"y":-0.5192800760269165,"z":0.4466380178928375,"w":0.5524076223373413},"size":39.03617858886719,"orthographic":false}