{"cameraMode":{"drawMode":0,"name":"Shaded","section":"Shading Mode"},"sceneLighting":true,"audioPlay":false,"sceneViewState":{"showFog":true,"showMaterialUpdate":false,"showSkybox":true,"showFlares":true,"showImageEffects":true,"showParticleSystems":true},"in2DMode":false,"pivot":{"x":-22.483062744140626,"y":23.4921875,"z":-12.115234375},"rotation":{"x":0.003811658825725317,"y":-0.605559766292572,"z":0.7957974672317505,"w":0.002909911796450615},"size":23.684398651123048,"orthographic":true}