{"cameraMode":{"drawMode":0,"name":"Shaded","section":"Shading Mode"},"sceneLighting":false,"audioPlay":false,"sceneViewState":{"showFog":true,"showMaterialUpdate":false,"showSkybox":false,"showFlares":true,"showImageEffects":true,"showParticleSystems":true},"in2DMode":false,"pivot":{"x":0.4398425817489624,"y":0.4199262857437134,"z":-0.5894790291786194},"rotation":{"x":-0.1602967381477356,"y":0.8388476967811585,"z":-0.3465879559516907,"w":-0.3879658877849579},"size":0.9594945907592773,"orthographic":false}