{"cameraMode":{"drawMode":0,"name":"Shaded","section":"Shading Mode"},"sceneLighting":false,"audioPlay":false,"sceneViewState":{"showFog":true,"showMaterialUpdate":false,"showSkybox":false,"showFlares":true,"showImageEffects":true,"showParticleSystems":true},"in2DMode":false,"pivot":{"x":2.8577632904052736,"y":-1.0650420188903809,"z":-7.379213809967041},"rotation":{"x":-0.11310984939336777,"y":-0.8821074366569519,"z":0.2707657217979431,"w":-0.36849087476730349},"size":5.077465057373047,"orthographic":false}